Code,Name
005930,삼성전자
000660,SK하이닉스
373220,LG에너지솔루션
005935,삼성전자우
207940,삼성바이오로직스
005380,현대차
012450,한화에어로스페이스
329180,HD현대중공업
034020,두산에너빌리티
000270,기아
402340,SK스퀘어
105560,KB금융
028260,삼성물산
068270,셀트리온
042660,한화오션
012330,현대모비스
035420,NAVER
055550,신한지주
015760,한국전력
032830,삼성생명
010130,고려아연
267260,HD현대일렉트릭
009540,HD한국조선해양
196170,알테오젠
086790,하나금융지주
005490,POSCO홀딩스
010140,삼성중공업
035720,카카오
051910,LG화학
064350,현대로템
006400,삼성SDI
000810,삼성화재
298040,효성중공업
034730,SK
009150,삼성전기
316140,우리금융지주
086280,현대글로비스
011200,HMM
267250,HD현대
138040,메리츠금융지주
096770,SK이노베이션
006800,미래에셋증권
272210,한화시스템
042700,한미반도체
033780,KT&G
003670,포스코퓨처엠
024110,기업은행
0126Z0,삼성에피스홀딩스
066570,LG전자
010120,LS ELECTRIC
047810,한국항공우주
352820,하이브
247540,에코프로비엠
018260,삼성에스디에스
030200,KT
003550,LG
000150,두산
307950,현대오토에버
086520,에코프로
017670,SK텔레콤
079550,LIG넥스원
000720,현대건설
259960,크래프톤
298380,에이비엘바이오
323410,카카오뱅크
071050,한국금융지주
010950,S-Oil
047050,포스코인터내셔널
277810,레인보우로보틱스
005387,현대차2우B
326030,SK바이오팜
000880,한화
278470,에이피알
003230,삼양식품
003490,대한항공
007660,이수페타시스
039490,키움증권
005830,DB손해보험
000100,유한양행
180640,한진칼
443060,HD현대마린솔루션
005940,NH투자증권
161390,한국타이어앤테크놀로지
016360,삼성증권
090430,아모레퍼시픽
006260,LS
028300,HLB
011070,LG이노텍
064400,LG씨엔에스
377300,카카오페이
000250,삼천당제약
032640,LG유플러스
022100,포스코DX
005385,현대차우
034220,LG디스플레이
950160,코오롱티슈진
029780,삼성카드
141080,리가켐바이오
241560,두산밥캣
454910,두산로보틱스
128940,한미약품
078930,GS
021240,코웨이
001040,CJ
087010,펩트론
088980,맥쿼리인프라
036570,엔씨소프트
028050,삼성E&A
058470,리노공업
009830,한화솔루션
052690,한전기술
001440,대한전선
138930,BNK금융지주
175330,JB금융지주
082740,한화엔진
066970,엘앤에프
062040,산일전기
214450,파마리서치
271560,오리온
251270,넷마블
004020,현대제철
051900,LG생활건강
347850,디앤디파마텍
011790,SKC
214370,케어젠
214150,클래시스
002380,KCC
450080,에코프로머티
302440,SK바이오사이언스
035250,강원랜드
240810,원익IPS
108490,로보티즈
111770,영원무역
000990,DB하이텍
039030,이오테크닉스
011780,금호석유화학
310210,보로노이
036460,한국가스공사
0009K0,에임드바이오
017800,현대엘리베이터
103140,풍산
031210,서울보증보험
030530,원익홀딩스
319400,현대무벡스
018880,한온시스템
011170,롯데케미칼
097950,CJ제일제당
071970,HD현대마린엔진
204320,HL만도
403870,HPSP
145020,휴젤
103590,일진전기
004990,롯데지주
012750,에스원
088350,한화생명
014680,한솔케미칼
012510,더존비즈온
226950,올릭스
004170,신세계
489790,한화비전
009420,한올바이오파마
140410,메지온
068760,셀트리온제약
081660,미스토홀딩스
439260,대한조선
042670,HD현대인프라코어
475830,오름테라퓨틱
257720,실리콘투
041510,에스엠
026960,동서
353200,대덕전자
000240,한국앤컴퍼니
237690,에스티팜
001720,신영증권
263750,펄어비스
383220,F&F
008930,한미사이언스
009970,영원무역홀딩스
004370,농심
051600,한전KPS
035900,JYP Ent.
004800,효성
001430,세아베스틸지주
097230,HJ중공업
011210,현대위아
001450,현대해상
030000,제일기획
005850,에스엘
336260,두산퓨얼셀
139480,이마트
357780,솔브레인
139130,iM금융지주
437730,삼현
095340,ISC
000120,CJ대한통운
028670,팬오션
476830,알지노믹스
069960,현대백화점
003690,코리안리
192820,코스맥스
010060,OCI홀딩스
023530,롯데쇼핑
018670,SK가스
267270,HD현대건설기계
005290,동진쎄미켐
002790,아모레퍼시픽홀딩스
058610,에스피지
000155,두산우
462870,시프트업
282330,BGF리테일
361610,SK아이이테크놀로지
098460,고영
222800,심텍
069620,대웅제약
064760,티씨케이
084370,유진테크
006280,녹십자
003570,SNT다이내믹스
047040,대우건설
067310,하나마이크론
160190,하이젠알앤엠
083650,비에이치아이
089030,테크윙
445680,큐리옥스바이오시스템즈
008770,호텔신라
457190,이수스페셜티케미컬
017960,한국카본
006040,동원산업
023590,다우기술
00680K,미래에셋증권2우B
020150,롯데에너지머티리얼즈
007070,GS리테일
073240,금호타이어
483650,달바글로벌
112610,씨에스윈드
039200,오스코텍
395400,SK리츠
140860,파크시스템스
466100,클로봇
032350,롯데관광개발
375500,DL이앤씨
458870,씨어스테크놀로지
006360,GS건설
020560,아시아나항공
065350,신성델타테크
085620,미래에셋생명
034230,파라다이스
178320,서진시스템
007310,오뚜기
090710,휴림로봇
036930,주성엔지니어링
161890,한국콜마
484870,엠앤씨솔루션
060370,LS마린솔루션
000500,가온전선
077970,STX엔진
007810,코리아써키트
005070,코스모신소재
491000,리브스메드
003540,대신증권
001120,LX인터내셔널
007340,DN오토모티브
348370,엔켐
290650,엘앤씨바이오
035760,CJ ENM
253450,스튜디오드래곤
456160,지투지바이오
294870,HDC현대산업개발
005440,현대지에프홀딩스
195940,HK이노엔
007390,네이처셀
099320,쎄트렉아이
122870,와이지엔터테인먼트
293490,카카오게임즈
051915,LG화학우
001800,오리온홀딩스
101490,에스앤에스텍
000080,하이트진로
100090,SK오션플랜트
003090,대웅
031980,피에스케이홀딩스
096530,씨젠
298020,효성티앤씨
003380,하림지주
300720,한일시멘트
232140,와이씨
249420,일동제약
415640,KB발해인프라
319660,피에스케이
330590,롯데리츠
120110,코오롱인더
071320,지역난방공사
323280,태성
085660,차바이오텍
285130,SK케미칼
005300,롯데칠성
004000,롯데정밀화학
185750,종근당
000815,삼성화재우
397030,에이프릴바이오
229640,LS에코에너지
328130,루닛
174900,앱클론
075580,세진중공업
006120,SK디스커버리
376900,로킷헬스케어
030610,교보증권
192080,더블유게임즈
115180,큐리언트
365550,ESR켄달스퀘어리츠
166090,하나머티리얼즈
089860,롯데렌탈
003530,한화투자증권
204270,제이앤티씨
080220,제주반도체
082640,동양생명
440110,파두
009240,한샘
388720,유일로보틱스
161580,필옵틱스
183300,코미코
137310,에스디바이오센서
006650,대한유화
280360,롯데웰푸드
389470,인벤티지랩
012630,HDC
082270,젬백스
095610,테스
486990,노타
181710,NHN
079160,CJ CGV
131970,두산테스나
001740,SK네트웍스
192400,쿠쿠홀딩스
000670,영풍
064960,SNT모티브
00088K,한화3우B
056080,유진로봇
388210,씨엠티엑스
468530,프로티나
030190,NICE평가정보
218410,RFHIC
043260,성호전자
195870,해성디에스
078600,대주전자재료
281740,레이크머티리얼즈
036540,SFA반도체
298050,HS효성첨단소재
066575,LG전자우
358570,지아이이노베이션
112040,위메이드
006730,서부T&D
476060,온코닉테라퓨틱스
004490,세방전지
036530,SNT홀딩스
082920,비츠로셀
317450,명인제약
137400,피엔티
213420,덕산네오룩스
424870,이뮨온시아
086900,메디톡스
499790,GS피앤엘
003160,디아이
417200,LS머트리얼즈
295310,에이치브이엠
056190,에스에프에이
490470,세미파이브
281820,케이씨텍
108320,LX세미콘
003240,태광산업
114090,GKL
287840,인투셀
009450,경동나비엔
348340,뉴로메카
225570,넥슨게임즈
071055,한국금융지주우
033500,동성화인텍
376300,디어유
347700,스피어
093370,후성
005690,파미셀
014620,성광벤드
100840,SNT에너지
032820,우리기술
003470,유안타증권
036830,솔브레인홀딩스
451800,한화리츠
007700,F&F홀딩스
002350,넥센타이어
090360,로보스타
001680,대상
009520,포스코엠텍
000210,DL
025540,한국단자
069260,TKG휴켐스
042000,카페24
086450,동국제약
124500,아이티센글로벌
025980,아난티
067160,SOOP
003850,보령
348210,넥스틴
214320,이노션
189300,인텔리안테크
381970,케이카
005180,빙그레
336570,원텍
023160,태광
950210,프레스티지바이오파마
079900,전진건설로봇
014820,동원시스템즈
039130,하나투어
241710,코스메카코리아
248070,솔루엠
003620,KG모빌리티
399720,가온칩스
002840,미원상사
005250,녹십자홀딩스
125490,한라캐스트
010780,아이에스동서
460930,현대힘스
049630,재영솔루텍
100790,미래에셋벤처투자
475150,SK이터닉스
032190,다우데이타
251970,펌텍코리아
000640,동아쏘시오홀딩스
102710,이엔에프테크놀로지
019170,신풍제약
00104K,CJ4우(전환)
372320,큐로셀
268280,미원에스씨
036810,에프에스티
293940,신한알파리츠
000370,한화손해보험
389650,넥스트바이오메디컬
053800,안랩
001270,부국증권
131290,티에스이
001060,JW중외제약
089970,브이엠
456040,OCI
074600,원익QnC
052400,코나아이
228760,지노믹트리
322000,HD현대에너지솔루션
127120,제이에스링크
001570,금양
057050,현대홈쇼핑
008730,율촌화학
214430,아이쓰리시스템
005389,현대차3우B
041190,우리기술투자
006380,카프로
033100,제룡전기
383800,LX홀딩스
015750,성우하이텍
475960,토모큐브
102940,코오롱생명과학
211050,인카금융서비스
121600,나노신소재
084110,휴온스글로벌
078160,메디포스트
005880,대한해운
032500,케이엠더블유
044490,태웅
002030,아세아
060250,NHN KCP
420770,기가비스
126340,비나텍
058650,세아홀딩스
356860,티엘비
002020,코오롱
093320,케이아이엔엑스
038500,삼표시멘트
484590,삼양컴텍
060280,큐렉소
047920,HLB제약
048410,현대바이오
002960,한국쉘석유
488900,비츠로넥스텍
018290,브이티
094170,동운아나텍
005810,풍산홀딩스
017940,E1
105630,한세실업
003545,대신증권우
278280,천보
348950,제이알글로벌리츠
119850,지엔씨에너지
002240,고려제강
220100,퓨쳐켐
041960,코미팜
090460,비에이치
095660,네오위즈
030520,한글과컴퓨터
052020,에스티큐브
365340,성일하이텍
005420,코스모화학
377740,바이오노트
199800,툴젠
455900,엔젤로보틱스
097520,엠씨넥스
067630,HLB생명과학
001500,현대차증권
016380,KG스틸
016590,신대양제지
064260,다날
089010,켐트로닉스
000400,롯데손해보험
222080,씨아이에스
145720,덴티움
091810,티웨이항공
009410,태영건설
016800,퍼시스
093050,LF
083450,GST
284740,쿠쿠홈시스
101730,위메이드맥스
004690,삼천리
336370,솔루스첨단소재
017810,풀무원
394800,쓰리빌리언
192650,드림텍
025320,시노펙스
230360,에코마케팅
453340,현대그린푸드
009900,명신산업
003030,세아제강지주
253590,네오셈
033240,자화전자
016610,DB증권
448900,한국피아이엠
271940,일진하이솔루스
383310,에코프로에이치엔
003300,한일홀딩스
117730,티로보틱스
094800,맵스리얼티
145990,삼양사
450950,아스테라시스
272290,이녹스첨단소재
036620,감성코퍼레이션
171090,선익시스템
170900,동아에스티
089590,제주항공
090435,아모레퍼시픽우
014830,유니드
079370,제우스
034310,NICE
039440,에스티아이
092200,디아이씨
029530,신도리코
0120G0,삼양바이오팜
178920,PI첨단소재
000070,삼양홀딩스
215600,신라젠
053030,바이넥스
200670,휴메딕스
037270,YG PLUS
309710,아이티켐
462350,이노스페이스
034950,한국기업평가
059090,미코
050890,쏠리드
298830,슈어소프트테크
004700,조광피혁
448730,삼성FN리츠
183190,아세아시멘트
005610,SPC삼립
200880,서연이화
006220,제주은행
452260,한화갤러리아
200710,에이디테크놀로지
357120,코람코라이프인프라리츠
101930,인화정공
105840,우진
179900,유티아이
368770,파이버프로
058970,엠로
475400,씨메스
344820,KCC글라스
004310,현대약품
069080,웹젠
304360,에스바이오메딕스
045100,한양이엔지
060980,HL홀딩스
161000,애경케미칼
012860,모베이스전자
099190,아이센스
352480,씨앤씨인터내셔널
099440,스맥
104830,원익머트리얼즈
079940,가비아
425420,티에프이
138610,나이벡
000650,천일고속
041830,인바디
206650,유바이오로직스
072710,농심홀딩스
460860,동국제강
089890,코세스
215200,메가스터디교육
031330,에스에이엠티
403550,쏘카
000157,두산2우B
025900,동화기업
001530,DI동일
010170,대한광통신
464080,에스오에스랩
338840,와이바이오로직스
078130,국일제지
107640,한중엔시에스
194480,데브시스터즈
078340,컴투스
003000,부광약품
003280,흥아해운
318060,그래피
065660,안트로젠
053610,프로텍
098070,한텍
031430,신세계인터내셔날
014940,오리엔탈정공
027360,아주IB투자
026890,스틱인베스트먼트
094360,칩스앤미디어
078350,한양디지텍
376270,HEM파마
091700,파트론
015360,INVENI
005945,NH투자증권우
130660,한전산업
009155,삼성전기우
001940,KISCO홀딩스
094480,갤럭시아머니트리
252990,샘씨엔에스
459510,나우로보틱스
013030,하이록코리아
035890,서희건설
122640,예스티
419530,SAMG엔터
033640,네패스
144510,지씨셀
101160,월덱스
029460,케이씨
027410,BGF
272450,진에어
314930,바이오다인
441270,파인엠텍
104700,한국철강
432320,KB스타리츠
474650,링크솔루션
950250,테라뷰
475560,더본코리아
340570,티앤엘
200130,콜마비앤에이치
114190,강원에너지
478340,나라스페이스테크놀로지
200470,에이팩트
417310,코람코더원리츠
033790,피노
003520,영진약품
126720,수산인더스트리
001200,유진투자증권
403850,더핑크퐁컴퍼니
002710,TCC스틸
389500,에스비비테크
190510,나무가
046890,서울반도체
126560,현대퓨처넷
024850,HLB이노베이션
003800,에이스침대
084690,대상홀딩스
064820,케이프
049070,인탑스
304100,솔트룩스
006110,삼아알미늄
034120,SBS
008060,대덕
018250,애경산업
110990,디아이티
215000,골프존
010690,화신
020000,한섬
015860,일진홀딩스
003960,사조대림
042520,한스바이오메드
168360,펨트론
009160,SIMPAC
494120,큐리오시스
007690,국도화학
194370,제이에스코퍼레이션
025860,남해화학
001390,KG케미칼
306200,세아제강
024720,콜마홀딩스
0015G0,그린광학
217590,티엠씨
286940,롯데이노베이트
199430,케이엔알시스템
256840,한국비엔씨
011930,신성이엔지
001510,SK증권
332570,PS일렉트로닉스
095500,미래나노텍
017860,DS단석
060720,KH바텍
114810,한솔아이원스
136480,하림
108860,셀바스AI
101360,에코앤드림
445090,에이직랜드
357550,석경에이티
064550,바이오니아
203400,에이비온
389260,대명에너지
317330,덕산테코피아
012200,계양전기
243070,휴온스
035810,이지홀딩스
138490,코오롱ENP
012030,DB
0008Z0,에스엔시스
005720,넥센
017390,서울가스
377190,디앤디플랫폼리츠
034830,한국토지신탁
036890,진성티이씨
036200,유니셈
067080,대화제약
206640,바디텍메드
009290,광동제약
002310,아세아제지
054950,제이브이엠
092230,KPX홀딩스
005090,SGC에너지
002320,한진
123890,한국자산신탁
003920,남양유업
045390,대아티아이
241590,화승엔터프라이즈
099430,바이오플러스
033270,유나이티드제약
001820,삼화콘덴서
088260,이리츠코크렙
448280,에코아이
308430,셀비온
394280,오픈엣지테크놀로지
128820,대성산업
481070,에이유브랜즈
093520,매커스
484810,티엑스알로보틱스
092460,한라IMS
270660,에브리봇
334890,이지스밸류플러스리츠
294570,쿠콘
011760,현대코퍼레이션
025770,한국정보통신
002810,삼영무역
006910,보성파워텍
003200,일신방직
380550,뉴로핏
043150,바텍
338220,뷰노
009680,모토닉
265520,AP시스템
000490,대동
416180,신성에스티
101170,우림피티에스
033530,SJG세종
382900,범한퓨얼셀
051500,CJ프레시웨이
018310,삼목에스폼
354320,알멕
204620,글로벌텍스프리
003120,일성아이에스
065680,우주일렉트로
006340,대원전선
900140,엘브이엠씨홀딩스
010580,에스엠벡셀
950170,JTC
234030,싸이닉솔루션
023410,유진기업
092730,네오팜
041920,메디아나
115450,HLB테라퓨틱스
078020,LS증권
013890,지누스
065710,서호전기
084990,헬릭스미스
156100,엘앤케이바이오
037460,삼지전자
000320,노루홀딩스
007160,사조산업
000430,대원강업
0030R0,대신밸류리츠
006405,삼성SDI우
035600,KG이니시스
482630,삼양엔씨켐
042370,비츠로테크
034810,해성산업
236200,슈프리마
002230,피에스텍
462860,더즌
092790,넥스틸
402030,코난테크놀로지
004360,세방
001460,BYC
077360,덕산하이메탈
371950,풍원정밀
096760,JW홀딩스
000680,LS네트웍스
144960,뉴파워프라즈마
488280,에스투더블유
182400,엔케이맥스
473980,노머스
194700,노바렉스
274090,켄코아에어로스페이스
005710,대원산업
900290,GRT
216080,제테마
267980,매일유업
126600,BGF에코머티리얼즈
300080,플리토
018000,유니슨
032940,원익
378340,필에너지
108670,LX하우시스
114840,아이패밀리에스씨
035150,백산
151860,KG에코솔루션
013120,동원개발
176750,듀켐바이오
121800,비덴트
140670,알에스오토메이션
452430,사피엔반도체
484120,도우인시스
053300,한국정보인증
122900,아이마켓코리아
003220,대원제약
108380,대양전기공업
005500,삼진제약
058820,CMG제약
377460,위니아에이드
033920,무학
043370,피에이치에이
002900,TYM
007860,서연
086390,유니테스트
001790,대한제당
217270,넵튠
007570,일양약품
061090,세나테크놀로지
02826K,삼성물산우B
023760,한국캐피탈
078520,에이블씨엔씨
084010,대한제강
226320,잇츠한불
037710,광주신세계
051370,인터플렉스
011500,한농화성
118990,모트렉스
244920,에이플러스에셋
314130,지놈앤컴퍼니
089980,상아프론테크
036030,케이티알파
001130,대한제분
255220,SG
290740,액트로
241770,메카로
285490,노바텍
006805,미래에셋증권우
051980,중앙첨단소재
051360,토비스
126700,하이비젼시스템
001340,PKC
067390,아스트
001750,한양증권
334970,프레스티지바이오로직스
051905,LG생활건강우
210980,SK디앤디
008490,서흥
237880,클리오
058430,포스코스틸리온
036800,나이스정보통신
452450,피아이이
372170,윤성에프앤씨
004980,성신양회
418550,제이오
061970,LB세미콘
254490,미래반도체
035510,신세계 I&C
170920,엘티씨
439090,마녀공장
123410,코리아에프티
039840,디오
053210,스카이라이프
003070,코오롱글로벌
389020,자람테크놀로지
476040,오가노이드사이언스
136490,선진
028100,동아지질
079960,동양이엔피
322310,오로스테크놀로지
001630,종근당홀딩스
054450,텔레칩스
001230,동국홀딩스
293780,압타바이오
000050,경방
084680,이월드
000540,흥국화재
036560,KZ정밀
179290,엠아이텍
000140,하이트진로홀딩스
299030,하나기술
404990,신한서부티엔디리츠
000480,CR홀딩스
086890,이수앱지스
005010,휴스틸
083310,엘오티베큠
080580,오킨스전자
003610,방림
211270,AP위성
007460,에이프로젠
271980,제일약품
054210,이랜텍
393890,더블유씨피
457550,우진엔텍
0004V0,엔비알모션
235980,메드팩토
041020,폴라리스오피스
377450,리파인
264850,이랜시스
017890,한국알콜
487570,HS효성
003350,한국화장품제조
199820,제일일렉트릭
068930,디지털대성
117580,대성에너지
469610,이노테크
451760,컨텍
339770,교촌에프앤비
134380,미원화학
005950,이수화학
030210,다올투자증권
234340,헥토파이낸셜
092870,엑시콘
102120,어보브반도체
474170,루미르
047560,이스트소프트
004430,송원산업
950140,잉글우드랩
088800,에이스테크
456010,아이씨티케이
005430,한국공항
003650,미창석유
094820,일진파워
039860,나노엔텍
001045,CJ우
361390,제노코
112290,와이씨켐
003555,LG우
039570,HDC랩스
323990,박셀바이오
012610,경인양행
000860,강남제비스코
084850,아이티엠반도체
217330,싸이토젠
256940,킵스파마
011785,금호석유화학우
102260,동성케미컬
217730,강스템바이오텍
095570,AJ네트웍스
004380,삼익THK
356680,엑스게이트
241520,DSC인베스트먼트
298690,에어부산
002150,도화엔지니어링
115310,인포바인
025000,KPX케미칼
005680,삼영전자
082800,비보존 제약
001780,알루코
000520,삼일제약
0007C0,아크릴
003547,대신증권2우B
290690,소룩스
025620,차AI헬스케어
044450,KSS해운
010955,S-Oil우
048870,시너지이노베이션
024060,흥구석유
327260,RF머트리얼즈
214420,토니모리
182360,큐브엔터
214180,헥토이노베이션
123860,아나패스
042420,네오위즈홀딩스
060150,인선이엔티
053700,삼보모터스
095700,제넥신
053690,한미글로벌
032620,유비케어
054540,삼영엠텍
001520,동양
080160,모두투어
260970,에스앤디
330860,네패스아크
009470,삼화전기
353810,이지바이오
234080,JW생명과학
251370,와이엠티
282880,코윈테크
016580,환인제약
102460,이연제약
086820,바이오솔루션
243840,신흥에스이씨
101530,해태제과식품
109740,디에스케이
461300,아이스크림미디어
092070,디엔에프
121440,골프존홀딩스
010820,퍼스텍
143160,아이디스
025820,이구산업
033160,엠케이전자
001250,GS글로벌
038390,레드캡투어
213500,한솔제지
405100,큐알티
232680,라온테크
432720,퀄리타스반도체
009070,KCTC
333430,일승
272550,삼양패키징
003720,삼영
019210,와이지-원
016790,현대사료
180400,DXVX
001080,만호제강
322180,LS티라유텍
016880,웅진
036190,금화피에스시
305090,마이크로디지탈
092130,이크레더블
400760,NH올원리츠
047310,파워로직스
489500,엘케이켐
083930,아바코
119610,인터로조
293480,하나제약
097955,CJ제일제당 우
031440,신세계푸드
013580,계룡건설
000390,삼화페인트
100120,뷰웍스
078070,유비쿼스홀딩스
006060,화승인더
004710,한솔테크닉스
308080,바이젠셀
215100,로보로보
015230,대창단조
067280,멀티캠퍼스
294140,레몬
004560,현대비앤지스틸
004090,한국석유
0015S0,페스카로
078150,HB테크놀러지
012210,삼미금속
456070,이엔셀
217820,원익피앤이
365270,큐라클
014950,삼익제약
381620,제닉스로보틱스
008970,KBI동양철관
073490,이노와이어리스
101330,모베이스
220260,켐트로스
452280,한선엔지니어링
475230,엔알비
321550,티움바이오
002100,경농
037560,LG헬로비전
417970,모델솔루션
246710,티앤알바이오팹
011040,경동제약
425040,티이엠씨
000300,DH오토넥스
336680,탑런토탈솔루션
038290,마크로젠
040300,YTN
073010,케이에스피
071840,롯데하이마트
014280,금강공업
138080,오이솔루션
064290,인텍플러스
046440,KG모빌리언스
108230,톱텍
101970,우양에이치씨
260870,SK시그넷
000020,동화약품
146320,비씨엔씨
272110,케이엔제이
091580,상신이디피
084670,동양고속
331740,아우토크립트
009270,신원
100250,진양홀딩스
234690,녹십자웰빙
226590,엠디바이스
023910,대한약품
002170,삼양통상
219130,타이거일렉
263860,지니언스
081000,일진다이아
016450,한세예스24홀딩스
148150,세경하이테크
160980,싸이맥스
230240,에치에프알
229500,노브메타파마
052330,코텍
380540,옵티코어
033340,좋은사람들
123690,한국화장품
472850,폰드그룹
267320,나인테크
080420,모다이노칩
365330,에스와이스틸텍
090350,노루페인트
462520,조선내화
008350,남선알미늄
122990,와이솔
018470,조일알미늄
002990,금호건설
458650,성우
360070,탑머티리얼
066410,버킷스튜디오
208370,셀바스헬스케어
046070,코다코
307750,국전약품
036220,오상헬스케어
066620,국보디자인
010100,한국무브넥스
297090,씨에스베어링
008110,대동전자
310200,애니플러스
317400,자이에스앤디
119830,아이텍
053080,케이엔솔
489460,바이오비쥬
337930,젝시믹스
019010,베뉴지
086980,쇼박스
000700,유수홀딩스
264660,씨앤지하이테크
014710,사조씨푸드
140610,엔솔바이오사이언스
039830,오로라
008830,대동기어
107600,새빗켐
059120,아진엑스텍
003460,유화증권
388050,지투파워
070960,모나용평
297890,HB솔루션
107590,미원홀딩스
322510,제이엘케이
122450,KX
460850,동국씨엠
067000,조이시티
413630,씨피시스템
025950,동신건설
299170,더블유에스아이
019440,세아특수강
000970,한국주철관
008040,사조동아원
069510,에스텍
085910,네오티스
042600,새로닉스
011000,진원생명과학
340450,지씨지놈
240550,동방메디컬
00279K,아모레퍼시픽홀딩스3우C
007330,푸른저축은행
074430,아미노로직스
263720,디앤씨미디어
445180,퓨릿
027970,한국제지
143240,사람인
203650,드림시큐리티
009580,무림P&P
123040,엠에스오토텍
317830,에스피시스템스
003830,대한화섬
158430,아톤
011690,와이투솔루션
002390,한독
223250,드림씨아이에스
011280,태림포장
460940,피앤에스로보틱스
044990,에이치엔에스하이텍
210540,디와이파워
037070,파세코
293580,나우IB
019680,대교
298000,효성화학
464490,쿼드메디슨
000230,일동홀딩스
023600,삼보판지
439580,블루엠텍
136150,원일티엔아이
142210,유니트론텍
011560,세보엠이씨
035080,그래디언트
078000,텔코웨어
001360,삼성제약
006620,동구바이오제약
004970,신라교역
041440,현대에버다임
094280,효성ITX
350520,이지스레지던스리츠
402490,그린리소스
214680,디알텍
950130,엑세스바이오
104480,티케이케미칼
019180,티에이치엔
071200,인피니트헬스케어
418420,라온텍
068790,DMS
005990,매일홀딩스
006140,피제이전자
049720,고려신용정보
217950,파마리서치바이오
013990,아가방컴퍼니
098120,마이크로컨텍솔
104460,디와이피엔에프
089470,HDC현대EP
017510,세명전기
125020,티씨머티리얼즈
424960,스마트레이더시스템
056090,시지메드텍
089600,KT나스미디어
045970,코아시아
377480,마음AI
187660,현대ADM
029480,광무
081180,쎄크
083420,그린케미칼
255440,야스
290550,디케이티
063570,NICE인프라
003480,한진중공업홀딩스
032300,한국파마
003310,대주산업
388870,파로스아이바이오
192440,슈피겐코리아
007540,샘표
475580,에이럭스
205100,엑셈
005160,동국산업
049950,미래컴퍼니
264450,유비쿼스
214390,경보제약
092220,KEC
095190,이엠코리아
038110,에코플라스틱
096250,와이즈넛
066590,우수AMS
035000,HS애드
250060,모비스
077500,유니퀘스트
417010,나노팀
015890,태경산업
052420,오성첨단소재
086960,MDS테크
248170,샘표식품
109610,에스와이
136540,윈스테크넷
095720,웅진씽크빅
463020,뉴엔AI
016710,대성홀딩스
259630,엠플러스
004250,NPC
013570,디와이
408920,메쎄이상
461030,아이엠비디엑스
079430,현대리바트
005800,신영와코루
269620,시스웍
024090,디씨엠
123330,제닉
493330,지에프아이
059270,해성에어로보틱스
226400,오스테오닉
036710,심텍홀딩스
059210,메타바이오메드
004080,신흥
251120,바이오에프디엔씨
013310,아진산업
147830,제룡산업
138360,협진
053580,웹케시
036420,콘텐트리중앙
096240,크레버스
443670,에스피소프트
085670,뉴프렉스
101140,인바이오젠
067900,와이엔텍
205500,넥써쓰
021080,에이티넘인베스트
370090,퓨런티어
063170,서울옥션
126730,코칩
009780,엠에스씨
072870,메가스터디
039560,다산네트웍스
363280,티와이홀딩스
212560,네오오토
030960,양지사
012320,경동인베스트
205470,휴마시스
099750,이지케어텍
131030,옵투스제약
366030,공구우먼
052710,아모텍
002620,제일파마홀딩스
232530,이엠티
023810,인팩
054050,농우바이오
071280,로체시스템즈
052260,현대바이오랜드
003100,선광
289930,웨이비스
069460,대호에이엘
278650,HLB바이오스텝
039980,폴라리스AI
131370,알서포트
027710,팜스토리
005960,동부건설
389140,포바이포
004150,한솔홀딩스
048550,SM C&C
002200,한국수출포장
049960,쎌바이오텍
267850,아시아나IDT
120030,조선선재
443250,레뷰코퍼레이션
093640,케이알엠
496320,본시스템즈
03473K,SK우
950220,네오이뮨텍
453450,그리드위즈
015590,DKME
067990,도이치모터스
012800,대창
267290,경동도시가스
091120,이엠텍
014580,태경비케이
149950,아바텍
007110,일신석재
086670,비엠티
039340,한국경제TV
309960,LB인베스트먼트
002460,HS화성
282720,금양그린파워
021820,세원정공
463480,모티브링크
049430,코메론
044820,코스맥스비티아이
246720,아스타
002220,한일철강
084650,랩지노믹스
054920,한컴위드
078140,대봉엘에스
003580,HLB글로벌
051160,지어소프트
020120,키다리스튜디오
139990,아주스틸
021320,KCC건설
347890,엠투아이
054800,아이디스홀딩스
106190,하이텍팜
033290,로젠
005860,한일사료
090850,현대이지웰
004140,동방
0015N0,아로마티카
067830,세이브존I&C
023450,동남합성
013520,화승코퍼레이션
014530,극동유화
307180,아이엘
362320,청담글로벌
204610,티쓰리
209640,와이제이링크
078890,가온그룹
041590,플래스크
058850,KTcs
047820,초록뱀미디어
092190,서울바이오시스
000105,유한양행우
071670,에이테크솔루션
214260,라파스
023800,인지컨트롤스
018120,진로발효
019550,SBI인베스트먼트
093190,빅솔론
063080,컴투스홀딩스
016740,두올
083500,에프엔에스테크
298540,더네이쳐홀딩스
191420,테고사이언스
017370,우신시스템
086710,선진뷰티사이언스
038460,바이오스마트
175140,휴먼테크놀로지
047770,코데즈컴바인
214330,금호에이치티
023900,풍국주정
046120,오르비텍
382840,원준
289080,SV인베스트먼트
201490,미투온
396470,워트
006660,삼성공조
024880,케이피에프
034590,인천도시가스
311690,CJ 바이오사이언스
306620,네온테크
007210,벽산
005870,휴니드
166480,코아스템켐온
004960,한신공영
348150,고바이오랩
251630,브이원텍
396270,넥스트칩
067290,JW신약
013360,일성건설
418470,KT밀리의서재
115500,케이씨에스
183490,엔지켐생명과학
389030,지니너스
026150,특수건설
001020,페이퍼코리아
014160,대영포장
011810,STX
065450,빅텍
011330,유니켐
060570,드림어스컴퍼니
100130,동국S&C
303810,동국생명과학
058630,엠게임
288330,파라택시스코리아
227840,현대코퍼레이션홀딩스
043610,KT지니뮤직
049520,유아이엘
330350,위더스제약
264900,크라운제과
382150,온코크로스
049470,비트플래닛
008700,아남전자
066700,테라젠이텍스
063160,종근당바이오
299900,위지윅스튜디오
172670,에이엘티
105550,엣지파운드리
041930,동아화성
307930,컴퍼니케이
084730,팅크웨어
277880,티에스아이
002450,삼익악기
060590,씨티씨바이오
014970,삼륭물산
017900,광전자
306040,에스제이그룹
391710,코닉오토메이션
038540,상상인
017550,수산세보틱스
006840,AK홀딩스
068290,삼성출판사
448710,코츠테크놀로지
001540,안국약품
950190,고스트스튜디오
207760,미스터블루
064800,포니링크
136410,아셈스
432470,케이엔에스
092780,DYP
456570,아이엠지티
452190,한빛레이저
011700,한신기계
217500,러셀
073560,우리손에프앤지
014790,HL D&I
105740,디케이락
396690,미래에셋글로벌리츠
187790,나노
079810,디이엔티
0013V0,삼진식품
321370,센서뷰
417500,제이아이테크
411080,샌즈랩
042510,라온시큐어
048530,인트론바이오
053350,이니텍
064850,에프앤가이드
206560,덱스터
100700,세운메디칼
187870,디바이스
002780,진흥기업
119650,KC코트렐
376930,노을
104040,대성파인텍
011150,CJ씨푸드
419080,엔젯
040350,크레오에스지
419050,삼기에너지솔루션즈
049180,셀루메드
170030,현대공업
225530,HC보광산업
067570,엔브이에이치코리아
357230,에이치피오
261520,이지스
101670,하이드로리튬
036010,아비코전자
355150,코스텍시스
000440,중앙에너비스
032560,황금에스티
009300,삼아제약
010660,화천기계
083790,CG인바이츠
035610,솔본
003060,에이프로젠바이오로직스
125210,아모그린텍
253840,수젠텍
124560,태웅로직스
004840,DRB동일
037350,성도이엔지
066790,씨씨에스
008260,NI스틸
000180,성창기업지주
036580,팜스코
225190,LK삼양
102370,케이옥션
007980,TP
234300,에스트래픽
002600,조흥
024800,유성티엔에스
33626K,두산퓨얼셀1우
163730,핑거
005740,크라운해태홀딩스
330730,스톤브릿지벤처스
048430,유라테크
023000,삼원강재
048910,대원미디어
007820,에스엠코어
093920,서원인텍
296160,프로젠
082850,우리바이오
315640,딥노이드
065510,휴비츠
024910,경창산업
163560,동일고무벨트
149980,하이로닉
408900,스튜디오미르
317770,엑스페릭스
085310,엔케이
357580,아모센스
290670,대보마그네틱
117670,알파칩스
058400,KNN
435570,에르코스
024830,세원물산
134580,탑코미디어
452400,이닉스
451250,삐아
002700,신일전자
058860,KTis
012700,리드코프
054670,대한뉴팜
004890,동일산업
061250,화일약품
001560,제일연마
010960,삼호개발
311320,지오엘리먼트
053450,세코닉스
014440,영보화학
110790,크리스에프앤씨
352090,스톰테크
382800,지앤비에스 에코
317690,퀀타매트릭스
120240,대정화금
168330,내츄럴엔도텍
036630,세종텔레콤
289220,자이언트스텝
453860,에이에스텍
036170,에이치엠넥스
365590,하이딥
060560,HC홈센타
413390,엠오티
044340,위닉스
040420,정상제이엘에스
039020,이건홀딩스
002720,국제약품
096775,SK이노베이션우
382480,지아이텍
302550,리메드
004720,팜젠사이언스
446840,지슨
072020,중앙백신
226330,신테카바이오
053280,예스24
069540,빛과전자
459550,알트
078935,GS우
011370,서한
002800,신신제약
900250,크리스탈신소재
033230,인성정보
041910,폴라리스AI파마
079980,휴비스
241690,유니테크노
265560,영화테크
006490,인스코비
130580,나이스디앤비
004650,창해에탄올
013870,지엠비코리아
007280,한국특강
273640,와이엠텍
068240,다원시스
027050,코리아나
348350,위드텍
480370,씨케이솔루션
339950,아이비김영
091440,한울소재과학
459100,위츠
234100,폴라리스세원
006890,태경케미컬
000590,CS홀딩스
378800,샤페론
001275,부국증권우
131400,이브이첨단소재
357880,SKAI
348080,큐라티스
092040,아미코젠
066430,아이로보틱스
141000,비아트론
039610,화성밸브
111710,남화산업
104620,노랑풍선
010040,한국내화
317240,TS트릴리온
478560,블랙야크아이앤씨
054300,팬스타엔터프라이즈
216050,인크로스
036640,HRS
105330,케이엔더블유
004590,한국가구
042500,링네트
025550,한국선재
041520,이엘씨
173130,오파스넷
208140,정다운
204840,지엘팜텍
457370,한켐
111380,동인기연
126880,제이엔케이글로벌
317870,엔바이오니아
347000,센코
142280,녹십자엠에스
222810,세토피아
123420,위메이드플레이
175250,아이큐어
011390,부산산업
228850,레이언스
027830,대성창투
000850,화천기공
338100,NH프라임리츠
163280,에어레인
104540,코렌텍
096350,대창솔루션
412540,제일엠앤에스
393210,토마토시스템
088390,이녹스
090470,제이스텍
260930,씨티케이
004100,태양금속
006090,사조오양
377030,비트맥스
094850,참좋은여행
045660,에이텍
060310,3S
003780,진양산업
007590,동방아그로
215360,우리산업
063440,SM Life Design
001470,삼부토건
417790,트루엔
094940,푸른기술
222160,NPX
187420,HLB제넥스
006880,신송홀딩스
228670,레이
009200,무림페이퍼
388790,라이콤
299660,셀리드
011320,유니크
475430,키스트론
352910,오비고
072990,에이치시티
122690,서진오토모티브
001260,남광토건
014470,부방
372910,한컴라이프케어
046210,HLB파나진
033130,디지틀조선
005750,대림바스
115440,우리넷
054040,한국컴퓨터
032540,TJ미디어
140070,서플러스글로벌
263600,덕우전자
089850,유비벨록스
065500,오리엔트정공
020710,시공테크
212710,아이에스티이
347860,알체라
009180,한솔로지스틱스
214270,FSN
203690,아크솔루션스
000220,유유제약
159580,제로투세븐
032850,비트컴퓨터
033320,제이씨현시스템
009770,삼정펄프
016250,SGC E&C
018500,동원금속
263800,데이타솔루션
024740,한일단조
002795,아모레퍼시픽홀딩스우
019990,에너토크
265740,엔에프씨
351330,이삭엔지니어링
024900,디와이덕양
261780,차백신연구소
196300,HLB펩
900260,로스웰
318160,셀바이오휴먼텍
171120,라이온켐텍
001210,금호전기
012690,모나리자
004440,삼일씨엔에스
128660,피제이메탈
451220,아이엠티
347740,피엔케이피부임상연구센타
246960,SCL사이언스
036090,위지트
052220,iMBC
384470,코어라인소프트
041460,한국전자인증
153710,옵티팜
053270,구영테크
016090,대현
042940,상지건설
040910,아이씨디
308170,씨티알모빌리티
331380,포커스에이아이
199550,레이저옵텍
137950,제이씨케미칼
303360,프로티아
446540,메가터치
049480,오픈베이스
053260,금강철강
054620,APS
081150,티플랙스
155650,와이엠씨
031820,아이티센씨티에스
234920,자이글
004830,덕성
474610,RF시스템즈
128540,에코캡
039240,경남스틸
180060,탑선
270520,앱튼
014190,원익큐브
099410,동방선기
036000,예림당
340360,다보링크
043650,국순당
111110,호전실업
013700,까뮤이앤씨
012790,신일제약
369370,블리츠웨이엔터테인먼트
221800,유투바이오
262260,에이프로
471820,셀로맥스사이언스
476080,M83
019540,일지테크
162300,신스틸
109860,동일금속
039010,현대에이치티
066310,큐에스아이
222110,팬젠
333620,엔시스
094840,슈프리마에이치큐
122350,삼기
241840,에이스토리
033310,엠투엔
068330,일신바이오
129260,인터지스
950200,소마젠
036120,서울평가정보
092440,기신정기
215090,솔디펜스
073640,테라사이언스
097800,윈팩
037950,엘컴텍
479960,위너스
001290,상상인증권
120115,코오롱인더우
036670,삼양케이씨아이
0010V0,제이피아이헬스케어
407400,꿈비
043910,자연과환경
099220,SDN
007370,진양제약
460870,에스엠씨지
396300,세아메카닉스
388610,지에프씨생명과학
043710,서울리거
017480,삼현철강
071090,하이스틸
010470,오리콤
052790,액토즈소프트
004540,깨끗한나라
288620,에스퓨얼셀
200230,텔콘RF제약
001380,SG글로벌
038680,에스넷
37550L,DL이앤씨2우(전환)
072770,멤레이비티
159010,아스플로
000725,현대건설우
290720,푸드나무
017650,대림제지
053050,지에스이
185490,아이진
064090,인크레더블버즈
241790,티이엠씨씨엔에스
000910,유니온
046310,백금T&A
133820,화인베스틸
294630,서남
424980,마이크로투나노
332370,아이디피
039420,케이엘넷
100030,인지소프트
127980,화인써키트
080010,이상네트웍스
307870,비투엔
192250,케이사인
145170,노브랜드
037030,파워넷
222040,코스맥스엔비티
432430,와이랩
003925,남양유업우
002630,오리엔트바이오
217190,제너셈
054930,유신
055490,테이팩스
142760,모아라이프플러스
122830,원포유
095270,웨이브일렉트로
452160,제이엔비
403490,우듬지팜
302430,이노메트리
260660,알리코제약
320000,한울반도체
017180,명문제약
123840,뉴온
033170,시그네틱스
067370,선바이오
003010,혜인
378850,화승알앤에이
100660,서암기계공업
357250,미래에셋맵스리츠
088340,유라클
198440,강동씨앤엘
078860,엔에스이엔엠
087260,모바일어플라이언스
466410,사이냅소프트
088130,동아엘텍
104200,NHN벅스
100220,비상교육
037330,인지디스플레
010280,아이티센엔텍
261200,덴티스
032960,동일기연
311390,네오크레마
025440,DH오토웨어
004060,SG세계물산
373200,엑스플러스
061040,알에프텍
373160,데이원컴퍼니
160550,NEW
413640,비아이매트릭스
064240,홈캐스트
054780,키이스트
075180,새론오토모티브
206400,베노티앤알
046940,우원개발
066980,한성크린텍
004450,삼화왕관
093240,형지엘리트
072470,우리산업홀딩스
002760,보락
053980,오상자이엘
219420,링크제니시스
189980,흥국에프엔비
050960,수산아이앤티
005305,롯데칠성우
317530,캐리소프트
317850,대모
123700,SJM
005670,푸드웰
007720,소노스퀘어
364950,에이아이코리아
294090,이오플로우
277070,린드먼아시아
024840,KBI메탈
047400,유니온머티리얼
065530,와이어블
032860,더라미
037760,쎄니트
037440,희림
002140,고려산업
173940,에프엔씨엔터
052900,KX하이텍
041650,상신브레이크
263690,디알젬
052670,제일바이오
321820,아티스트컴퍼니
017040,광명전기
058730,다스코
004910,조광페인트
393970,대진첨단소재
000950,전방
014990,인디에프
28513K,SK케미칼우
218150,미래생명자원
033830,티비씨
001620,케이비아이동국실업
042110,에스씨디
155660,DSR
122310,제노레이
038070,서린바이오
114450,그린생명과학
015710,코콤
419120,산돌
040610,SG&G
023440,제이스코홀딩스
064480,브리지텍
119500,포메탈
004920,씨아이테크
239340,이스트에이드
045340,토탈소프트
256630,포인트엔지니어링
008370,원풍
010240,흥국
033200,모아텍
177900,쓰리에이로직스
099520,DGI
352700,씨앤투스
010770,평화홀딩스
051490,나라엠앤디
245620,EDGC
092300,현우산업
049550,잉크테크
001550,조비
082210,옵트론텍
000890,보해양조
007815,코리아써우
046970,우리로
038880,아이에이
002920,유성기업
057680,티사이언티픽
227950,엔투텍
066670,디티씨
004410,서울식품
009835,한화솔루션우
025530,SJM홀딩스
237820,플레이디
186230,그린플러스
189690,포시에스
011230,삼화전자
314140,알피바이오
096630,에스코넥
080530,코디
003080,SB성보
014910,성문전자
072130,유엔젤
462510,라메디텍
011300,성안머티리얼스
090410,덕신이피씨
004780,대륙제관
007680,대원
481850,신한글로벌액티브리츠
129920,대성하이텍
097780,에코볼트
004770,써니전자
452200,민테크
025560,미래산업
009190,대양금속
067920,이글루
032790,엠젠솔루션
109960,앱토크롬
184230,SGA솔루션즈
242040,나무기술
217480,에스디생명공학
066130,하츠
024950,삼천리자전거
006370,대구백화점
037230,한국팩키지
009320,아진전자부품
223310,사토시홀딩스
440290,HB인베스트먼트
038010,제일테크노스
053620,태양
171010,램테크놀러지
090080,평화산업
065130,탑엔지니어링
007610,선도전기
036180,지더블유바이텍
062970,한국첨단소재
105760,포스뱅크
219750,한국비티비
195990,에이비프로바이오
007530,와이엠
002410,범양건영
013720,THE CUBE&
286750,나노실리칸첨단소재
361570,알비더블유
069730,DSR제강
246690,TS인베스트먼트
170790,파이오링크
039290,인포뱅크
021050,서원
073570,리튬포어스
004870,티웨이홀딩스
088910,동우팜투테이블
048770,TPC
199480,뱅크웨어글로벌
200350,아티스트스튜디오
060850,영림원소프트랩
002880,대유에이텍
011420,갤럭시아에스엠
056700,신화인터텍
044960,이글벳
290090,트윔
051630,진양화학
464280,티디에스팜
340930,유일에너테크
224110,에이텍모빌리티
376290,씨유테크
012280,영화금속
263700,케어랩스
006125,SK디스커버리우
250000,보라티알
096610,알에프세미
001465,BYC우
238120,얼라인드
198080,캐프
118000,메타케어
001000,신라섬유
021880,메이슨캐피탈
023350,한국종합기술
417860,오브젠
068050,팬엔터테인먼트
178780,일월지엠엘
003475,유안타증권우
100590,머큐리
465480,인스피언
359090,씨엔알리서치
271830,팸텍
033560,블루콤
357430,마스턴프리미어리츠
006980,우성
056360,코위버
025750,한솔홈데코
290660,네오펙트
023960,에쓰씨엔지니어링
438700,버넥트
087600,픽셀플러스
239890,피엔에이치테크
008870,금비
078590,휴림에이텍
069410,엔텔스
351870,차이커뮤니케이션
263810,상신전자
495900,에이엠시지
430690,한싹
103840,우양
208860,다산디엠씨
363260,모비데이즈
097870,효성오앤비
258610,케일럼
126640,화신정공
335810,프리시젼바이오
450520,인스웨이브
355390,크라우드웍스
052860,아이앤씨
079000,와토스코리아
024940,PN풍년
049830,승일
046390,삼화네트웍스
027740,마니커
003465,유화증권우
006740,블루산업개발
109820,진매트릭스
037370,EG
321260,프로이천
053950,경남제약
420570,제이투케이바이오
444530,심플랫폼
026040,제이에스티나
082660,코스나인
057030,YBM넷
418250,시큐레터
450330,하스
153460,네이블
012160,영흥
356890,싸이버원
200780,비씨월드제약
109080,옵티시스
084180,수성웹툰
290120,DH오토리드
089790,제이티
057540,옴니시스템
020760,일진디스플
150900,파수
307280,원바이오젠
073110,엘엠에스
37550K,DL이앤씨우
475460,미트박스
112190,KC산업
019770,서연탑메탈
036690,코맥스
353590,오토앤
469750,아이비젼웍스
190650,코리아에셋투자증권
336060,웨이버스
008250,이건산업
014570,고려제약
067170,오텍
027580,상보
460470,아이빔테크놀로지
072950,빛샘전자
900270,헝셩그룹
434480,모니터랩
464580,닷밀
083550,케이엠
065950,웰크론
332290,누보
025880,케이씨피드
049080,기가레인
195500,마니커에프앤지
323350,다원넥스뷰
277410,인산가
318020,포인트모바일
342870,오아
140520,대창스틸
145270,케이탑리츠
200580,메디쎄이
091590,남화토건
203450,유니온바이오메트릭스
220180,핸디소프트
038620,위즈코프
066900,디에이피
089150,케이씨티
114630,폴라리스우노
270870,뉴트리
060900,에이전트AI
397810,애드포러스
006050,국영지앤엠
256150,한독크린텍
019175,신풍제약우
377220,프롬바이오
129890,앱코
109070,주성코퍼레이션
464500,아이언디바이스
123570,이엠넷
071950,코아스
016600,큐캐피탈
254120,자비스
263770,유에스티
455180,케이지에이
056730,CNT85
101240,씨큐브
094970,제이엠티
417840,저스템
002290,삼일기업공사
291230,엔피
192410,오늘이엔엠
090370,메타랩스
291650,압타머사이언스
024120,KB오토시스
140430,카티스
051390,YW
250030,진코스텍
238090,앤디포스
219550,디와이디
086040,바이오톡스텍
465770,STX그린로지스
050860,아세아텍
273060,와이즈버즈
300120,라온피플
008420,문배철강
452300,캡스톤파트너스
221980,케이디켐
052460,아이크래프트
376180,피코그램
239610,에이치엘사이언스
131100,티엔엔터테인먼트
040160,누리플렉스
019490,엑시큐어하이트론
038870,에코바이오
263020,디케이앤디
431190,케이쓰리아이
900300,오가닉티코스메틱
387570,파인메딕스
052600,한네트
318410,비비씨
133750,메가엠디
137080,나래나노텍
301300,바이브컴퍼니
106240,파인테크닉스
475660,에스켐
204020,그리티
000760,이화산업
177830,파버나인
026940,부국철강
189330,씨이랩
021650,한국큐빅
033540,파라텍
257370,피엔티엠에스
143540,영우디에스피
221840,하이즈항공
075970,동국알앤에스
002360,SH에너지화학
066910,손오공
045060,오공
134790,시디즈
208640,썸에이지
462310,뉴키즈온
148780,비큐AI
179530,애드바이오텍
099390,브레인즈컴퍼니
009810,플레이그램
042040,케이피엠테크
322780,코퍼스코리아
303530,이노뎁
452980,신한제11호스팩
115160,휴맥스
900340,윙입푸드
337840,유엑스엔
075130,플랜티넷
127710,아시아경제
053160,프리엠스
270210,에스알바이오텍
069140,누리플랜
130500,GH신소재
340440,세림B&G
065370,위세아이텍
003535,한화투자증권우
096690,에이루트
049800,우진플라임
005030,부산주공
043340,에쎈테크
050110,캠시스
064520,테크엘
050120,ES큐브
060540,에스에이티
228340,동양파일
031310,아이즈비전
066360,체리부로
222420,쎄노텍
318000,KBG
065440,이루온
020180,대신정보통신
074610,이엔플러스
290270,휴네시온
081580,성우전자
238490,힘스
024890,대원화성
052300,오션인더블유
236810,엔비티
019660,글로본
900310,컬러레이
262840,아이퀘스트
189860,서전기전
462980,아이지넷
298060,에스씨엠생명과학
071850,캐스텍코리아
089230,THE E&M
000215,DL우
263920,휴엠앤씨
086060,진바이오텍
196490,디에이테크놀로지
440320,오픈놀
005360,모나미
002870,신풍
159910,에코글로우
360350,코셈
225220,제놀루션
274400,이노시뮬레이션
001840,이화공영
085810,알티캐스트
049120,파인디앤씨
013810,스페코
284620,카이노스메드
210120,캔버스엔
017000,신원종합개발
232830,아이티센피엔에스
022220,티케이지애강
373170,엠아이큐브솔루션
068940,셀피글로벌
043100,알파AI
146060,율촌
398120,에스지헬스케어
115480,씨유메디칼
009730,이렘
032580,피델릭스
070300,엑스큐어
33637K,솔루스첨단소재1우
006920,모헨즈
131220,대한과학
354200,엔젠바이오
196450,코아시아씨엠
138070,신진에스엠
023150,MH에탄올
340810,시선AI
257990,나우코스
000040,KR모터스
169330,엠브레인
012620,원일특강
089140,넥스턴앤롤코리아
069920,엑시온그룹
216400,인바이츠바이오코아
023790,동일스틸럭스
035200,프럼파스트
080520,오디텍
258790,소프트캠프
018680,서울제약
187270,신화콘텍
014130,한익스프레스
059100,아이컴포넌트
153490,우리이앤엘
188040,바이오포트
038060,루멘스
001070,대한방직
363250,진시스템
006570,대림통상
013000,세우글로벌
354390,바스칸바이오제약
191410,육일씨엔에쓰
317120,라닉스
079170,한창산업
215380,우정바이오
446440,에피바이오텍
446070,유니드비티플러스
076610,해성옵틱스
008470,부스타
005820,원림
376980,원티드랩
002690,동일제강
367000,플래티어
043200,파루
123010,아이윈플러스
003680,한성기업
252500,세화피앤씨
351320,넥사다이내믹스
147760,피엠티
016100,리더스코스메틱
109670,씨싸이트
495810,유비씨
004365,세방우
405920,나라셀라
080470,성창오토텍
033250,체시스
290560,신시웨이
045300,성우테크론
222980,한국맥널티
139670,키네마스터
145210,다이나믹디자인
131760,파인텍
032750,삼진
011090,에넥스
457600,벡트
335870,윙스풋
068100,케이웨더
35320K,대덕전자1우
001810,무림SP
208710,포톤
308100,형지글로벌
297570,알로이스
33626L,두산퓨얼셀2우B
197140,디지캡
417180,핑거스토리
088290,이원컴포텍
009140,경인전자
403360,라피치
288980,모아데이타
229000,젠큐릭스
148250,알엔투테크놀로지
016670,디모아
011080,형지I&C
198940,한주라이트메탈
038950,파인디지털
009460,한창제지
263050,유틸렉스
377330,이지트로닉스
053290,NE능률
090150,아이윈
45226K,한화갤러리아우
005320,온타이드
246250,에스엘에스바이오
451700,엔에이치스팩29호
034940,조아제약
051380,피씨디렉트
383930,디티앤씨알오
010400,우진아이엔에스
002820,SUN&L
162120,루켄테크놀러지스
004270,남성
333050,모코엠시스
088280,쏘닉스
148930,에이치와이티씨
290520,신도기연
024070,WISCOM
002420,세기상사
058110,멕아이씨에스
047080,한빛소프트
214610,롤링스톤
362990,드림인사이트
018700,바른손
276730,한울앤제주
006200,한국전자홀딩스
434190,탈로스
233990,질경이
131090,시큐브
083660,CSA 코스믹
312610,에이에프더블류
045510,정원엔시스
103230,에스앤더블류
279600,미디어젠
227420,도부
010640,진양폴리
032680,소프트센
131180,딜리
067010,이씨에스
432980,엠에프씨
048470,대동스틸
331520,밸로프
031510,오스템
243870,아이티센코어
115610,이미지스
101680,한국정밀기계
196700,웹스
069640,한세엠케이
227610,아우딘퓨쳐스
007120,미래아이앤지
296640,이노룰스
053060,세동
051780,큐로홀딩스
060380,동양에스텍
007770,한일화학
309930,조이웍스앤코
291810,핀텔
035460,기산텔레콤
023770,플레이위드
328380,솔트웨어
079650,서산
002025,코오롱우
318010,팜스빌
070590,한솔인티큐브
043220,티에스넥스젠
093380,풍강
285800,진영
267790,배럴
258830,세종메디칼
032080,아즈텍WB
372800,아이티아이즈
008775,호텔신라우
021040,대호특수강
237750,피앤씨테크
016920,카스
373110,엑셀세라퓨틱스
217620,선샤인푸드
348030,모비릭스
003495,대한항공우
030720,동원수산
036480,대성미생물
002070,비비안
353190,휴럼
310870,디와이씨
113810,디젠스
900110,이스트아시아홀딩스
464680,KB제27호스팩
304840,피플바이오
091340,S&K폴리텍
005110,한창
900100,애머릿지
038530,케이바이오
033050,제이엠아이
101400,엔시트론
044380,주연테크
187220,디티앤씨
238200,비피도
101000,KS인더스트리
002210,동성제약
095910,에스에너지
137940,넥스트아이
278990,EMB
429270,시지트로닉스
084870,TBH글로벌
240600,유진테크놀로지
143210,핸즈코퍼레이션
012170,아센디오
059180,엔더블유시
012340,뉴인텍
065650,하이퍼코퍼레이션
226340,본느
015020,이스타코
037400,우리엔터프라이즈
035620,바른손이앤에이
009620,삼보산업
418620,E8
415380,스튜디오삼익
054220,비츠로시스
311060,엘에이티
039740,한국정보공학
067730,로지시스
179720,머니무브
303030,지니틱스
208350,지란지교시큐리티
088790,진도
044780,에이치케이
094860,네오리진
139050,BF랩스
002355,넥센타이어1우B
215790,이노인스트루먼트
039310,세중
419540,비스토스
001420,태원물산
154030,아시아종묘
199730,바이오인프라
115570,스타플렉스
347770,핌스
176590,코나솔
076340,지에이이노더스
193250,링크드
207490,에이펙스인텍
063760,이엘피
204630,스튜디오산타클로스
276040,스코넥
079950,인베니아
001685,대상우
192390,윈하이텍
019685,대교우B
091970,나노캠텍
352940,인바이오
018620,우진비앤지
289010,아이스크림에듀
065150,대산F&B
177350,베셀
412350,레이저쎌
028080,휴맥스홀딩스
098660,에스티오
424760,벨로크
344860,이노진
073540,에프알텍
102950,아하
18064K,한진칼우
00499K,롯데지주우
002680,한탑
130740,티피씨글로벌
403810,아이엘커누스
044480,빌리언스
076080,웰크론한텍
032800,판타지오
225590,패션플랫폼
123750,알톤
121890,에스디시스템
341170,퓨쳐메디신
327610,펨토바이오메드
032280,삼일
331920,셀레믹스
025870,신라에스지
115530,씨엔플러스
405000,플라즈맵
001770,SHD
389680,유디엠텍
355690,에이텀
080720,한국유니온제약
043360,디지아이
900070,글로벌에스엠
154040,다산솔루에타
206950,볼빅
045520,크린앤사이언스
230980,비유테크놀러지
017250,인터엠
317860,노드메이슨
361670,삼영에스앤씨
054940,엑사이엔씨
005257,녹십자홀딩스2우
025890,한국주강
084440,유비온
060230,제이케이시냅스
054410,케이피티유
110020,전진바이오팜
065690,파커스
050760,에스폴리텍
247660,나노씨엠에스
096870,엘디티
191600,블루탑
054090,삼진엘앤디
365900,브이씨
014100,메디앙스
336040,타스컴
331660,한국미라클피플사
215480,토박스코리아
106080,케이이엠텍
067770,세진티에스
466910,엔에이치스팩30호
134060,이퓨쳐
008500,일정실업
083640,인콘
008600,윌비스
079190,케스피온
233250,메디안디노스틱
322970,무진메디
222670,플럼라인생명과학
015260,에이엔피
052960,태양3C
217880,틸론
032980,바이온
065060,지엔코
019570,플루토스
008290,원풍물산
313760,캐리
073190,듀오백
050090,비케이홀딩스
368970,오에스피
060480,국일신동
086220,광동헬스바이오
020400,대동금속
390110,애니메디솔루션
368600,아이씨에이치
009440,KC그린홀딩스
208340,파멥신
043590,웰킵스하이텍
026910,광진실업
048830,엔피케이
009310,참엔지니어링
065420,에스아이리소스
108675,LX하우시스우
083470,이엠앤아이
351020,미쥬
477380,미래에셋비전스팩4호
275630,에스에스알
241820,피씨엘
254160,제이엠멀티
052770,아이톡시
482680,미래에셋비전스팩7호
000087,하이트진로2우B
208850,이비테크
169670,코스텍시스템
224060,더코디
044180,KD
476710,타조이엔터테인먼트
204210,스타에스엠리츠
106520,노블엠앤비
001795,대한제당우
005725,넥센우
0072Z0,KB제33호스팩
406820,뷰티스킨
379390,이성씨엔아이
250930,예선테크
035290,골드앤에스
069330,유아이디
0101C0,하나36호스팩
457630,대신밸런스제16호스팩
065170,비엘팜텍
477340,에이치엠씨제7호스팩
0044K0,삼성스팩10호
030350,드래곤플라이
469880,하나30호스팩
368030,창대정밀
900120,씨엑스아이
065770,CS
027040,서울전자통신
060260,뉴보텍
152550,한국ANKOR유전
227100,프로브잇
149010,아이케이세미콘
0096B0,삼성스팩12호
473050,유안타제15호스팩
478440,미래에셋비전스팩6호
238170,엔에스엠
479880,한국제15호스팩
302920,더콘텐츠온
058450,한주에이알티
140910,에이리츠
188260,세니젠
225430,케이엠제약
0099W0,미래에셋비전스팩11호
145995,삼양사우
352770,셀레스트라
489480,키움제11호스팩
33637L,솔루스첨단소재2우B
481890,엔에이치스팩31호
244460,올리패스
471050,대신밸런스제17호스팩
289170,바이오텐
004255,NPC우
489730,디비금융제13호스팩
478390,KB제29호스팩
092600,앤씨앤
0097F0,미래에셋비전스팩10호
477760,DB금융스팩12호
482520,교보16호스팩
38380K,LX홀딩스1우
253610,루트락
0093G0,미래에셋비전스팩8호
0037T0,KB제32호스팩
054180,메디콕스
456190,큐라켐
224760,엔에스컴퍼니
492220,KB제31호스팩
0099X0,IBKS제25호스팩
0054V0,엔에이치스팩32호
084695,대상홀딩스우
001067,JW중외제약2우B
0091W0,신영스팩11호
065570,삼영이엔씨
482690,대신밸런스제19호스팩
121850,코이즈
0041L0,하나35호스팩
031860,디에이치엑스컴퍼니
03481K,해성산업1우
0071M0,삼성스팩11호
0088D0,메리츠제1호스팩
477470,미래에셋비전스팩5호
487360,신한제14호스팩
474660,신한제12호스팩
469900,하나31호스팩
473370,비엔케이제2호스팩
060240,스타코링크
496070,신한제16호스팩
454640,하나29호스팩
0105P0,유진스팩12호
474490,유안타제16호스팩
000225,유유제약1우
00806K,대덕1우
489210,교보17호스팩
486630,KB제30호스팩
444920,유안타제11호스팩
0098T0,교보19호스팩
0096D0,미래에셋비전스팩9호
452670,상상인제4호스팩
003075,코오롱글로벌우
004105,태양금속우
012205,계양전기우
318660,타임기술
0004Y0,디비금융제14호스팩
493790,유안타제17호스팩
450050,하이제8호스팩
455310,한화플러스제4호스팩
244880,나눔테크
455910,에스케이증권제9호스팩
0041B0,교보18호스팩
472220,신영스팩10호
00781K,코리아써키트2우B
478110,이베스트스팩6호
446150,유안타제12호스팩
466690,키움히어로제1호스팩
498390,한화플러스제5호스팩
001065,JW중외제약우
178600,대동고려삼
114920,대주이엔티
004835,덕성우
488060,유진스팩11호
215570,크로넥스
001755,한양증권우
467930,IBKS제23호스팩
450940,유안타제14호스팩
469480,IBKS제24호스팩
224810,엄지하우스
006345,대원전선우
484130,하나34호스팩
001515,SK증권우
464440,한국제13호스팩
455250,KB제25호스팩
487830,신한제15호스팩
462020,에이치엠씨제6호스팩
468760,유진스팩10호
473950,에스케이증권제13호스팩
465320,교보15호스팩
487720,키움제10호스팩
456490,교보14호스팩
458610,한국제12호스팩
199150,데이터스트림즈
0068Y0,비엔케이제3호스팩
472230,에스케이증권제11호스팩
299480,지앤이헬스케어
185190,수프로
004985,성신양회우
0041J0,엘에스스팩1호
202960,판도라티비
251280,안지오랩
447690,아이오바이오
238500,로보쓰리에이아이
474930,신한제13호스팩
475250,하나33호스팩
079970,투비소프트
000325,노루홀딩스우
212310,오건에코텍
26490K,크라운제과우
457940,에스케이증권제10호스팩
189350,코셋
402420,켈스
475240,하나32호스팩
473000,에스케이증권제12호스팩
236340,메디젠휴먼케어
103660,씨앗
266470,바이오인프라생명과학
234070,에이원알폼
009415,태영건설우
311960,인터로이드
332190,오션스바이오
199290,바이오프로테크
093510,엔지브이아이
000145,하이트진로홀딩스우
007575,일양약품우
267080,세븐브로이맥주
090355,노루페인트우
008355,남선알미우
066830,제노텍
000545,흥국화재우
448780,마이크로엔엑스
36328K,티와이홀딩스우
217910,에스제이켐
276240,엘리비젼
101390,아이엠
002995,금호건설우
266350,팡스카이
346010,타이드
043090,더테크놀로지
005745,크라운해태홀딩스우
014285,금강공업우
014825,동원시스템즈우
005965,동부건설우
258050,테크트랜스
208890,미래엔에듀파트너
341310,이앤에치
116100,태양기계
121060,유니포인트
004545,깨끗한나라우
296520,가이아코퍼레이션
136660,큐엠씨
236030,씨알푸드
000227,유유제약2우B
140660,위월드
092590,럭스피아
413300,티엘엔지니어링
150840,인트로메딕
245450,씨앤에스링크
001525,동양우
014915,성문전자우
011155,CJ씨푸드1우
002785,진흥기업우B
217320,썬테크
149300,아퓨어스
004415,서울식품우
001527,동양2우B
032685,소프트센우
021045,대호특수강우
002787,진흥기업2우B
266170,뿌리깊은나무들
288490,나라소프트
010600,웰바이오텍
001140,국보
223220,로지스몬
057880,푸른소나무
279060,이노벡스
